<?xml version="1.0" encoding="UTF-8"?>
<project-private xmlns="http://www.netbeans.org/ns/project-private/1">
    <editor-bookmarks xmlns="http://www.netbeans.org/ns/editor-bookmarks/2" lastBookmarkId="0"/>
    <open-files xmlns="http://www.netbeans.org/ns/projectui-open-files/2">
        <group>
            <file>file:/C:/Users/Osas/GeneralProjectsFolder/Java%20Projects/TrainBooking/src/trainbooking/Train.java</file>
            <file>file:/C:/Users/Osas/GeneralProjectsFolder/Java%20Projects/TrainBooking/src/trainbooking/ThreeTierBusiness.java</file>
            <file>file:/C:/Users/Osas/GeneralProjectsFolder/Java%20Projects/TrainBooking/src/trainbooking/Ordinary.java</file>
            <file>file:/C:/Users/Osas/GeneralProjectsFolder/Java%20Projects/TrainBooking/src/trainbooking/Sleeper.java</file>
            <file>file:/C:/Users/Osas/GeneralProjectsFolder/Java%20Projects/TrainBooking/src/trainbooking/Main.java</file>
        </group>
    </open-files>
</project-private>
